{
    "heading": "Trust the Statistics",
    "subtitle": "This is a section of some simple filler text, also known as placeholder text. It shares some characteristics of a real written text but is random or otherwise generated.",
    "bgColor": "#cd993f",
    "textColor": "#000000",
    "stats": [
        {
            "value": "200+",
            "label": "Numbers"
        },
        {
            "value": "500+",
            "label": "Deliveries"
        },
        {
            "value": "1000+",
            "label": "Satisfied Customers"
        },
        {
            "value": "100%",
            "label": "Satisfaction"
        }
    ],
    "numbersBgColor": "#000000",
    "numbersTextColor": "#cd993f"
}