{
    "bgColor": "#1a202c",
    "textColor": "#ffffff",
    "videos": [
      {
        "src": "https://www.youtube.com/embed/wAs1HCKe_Vc?si=EEGoWoiWSLUpNl3N",
        "title": "Video 1",
        "description": "This is the first video"
      },
      {
        "src": "https://www.youtube.com/embed/tdhQ1xj5MqQ?si=1VZSqy9t4eel_Jg6",
        "title": "Video 2",
        "description": "This is the second video"
      },
      {
        "src": "https://www.youtube.com/embed/WPkSTobfqaQ?si=wq122mKoqZ567qnF",
        "title": "Video 3",
        "description": "This is the third video"
      },
      {
        "src": "https://www.youtube.com/embed/xmyddbXm_QY?si=dtdUrmMDbvp0gks9",
        "title": "Video 4",
        "description": "This is the fourth video"
      },
      {
        "src": "https://www.youtube.com/embed/EtFJbQ4VvVk?si=5jeGR-qXMGzoEaHd",
        "title": "Video 5",
        "description": "This is the fifth video"
      },
      {
        "src": "https://www.youtube.com/embed/UCzpKGyWEus?si=k64W-0yoN3OoCdji",
        "title": "Video 6",
        "description": "This is the sixth video"
      },
      {
        "src": "https://www.youtube.com/embed/GyF_jzTDyH8?si=CW6CXVmdLCCnVfNS",
        "title": "Video 7",
        "description": "This is the seventh video"
      },
      {
        "src": "https://www.youtube.com/embed/0QvXQoiP-iA?si=1SVTzfBxy8o4_vd8",
        "title": "Video 8",
        "description": "This is the eighth video"
      },
      {
        "src": "https://www.youtube.com/embed/v2l4-PClcjI?si=es5Joj21DaYUmlb-",
        "title": "Video 9",
        "description": "This is the ninth video"
      }
    ]
  }
  